<?xml version="1.0" encoding="UTF-8"?>
<faces-config xmlns="http://xmlns.jcp.org/xml/ns/javaee"
	xmlns:xsi="http://www.w3.org/2001/XMLSchema-instance"
	xsi:schemaLocation="http://xmlns.jcp.org/xml/ns/javaee http://xmlns.jcp.org/xml/ns/javaee/web-facesconfig_2_2.xsd"
	version="2.2">
	<application>
		<resource-bundle>
			<base-name>strings</base-name>
			<var>str</var>
		</resource-bundle>
	</application>
	
	<navigation-rule>
		<from-view-id>/uts.xhtml</from-view-id>
		<navigation-case>
			<from-action>#{respon.doSubmit}</from-action>
			<from-outcome>confirm-registration</from-outcome>
			<to-view-id>success.xhtml</to-view-id>
		</navigation-case>
	</navigation-rule>
</faces-config>
